name,address,phone,participant_id,sex_assigned_at_birth
Jasmine Taylor,"35806 Travis Trail Apt. 117
Martinezchester, ME 59846",001-090-308-1711x91183,1a9666c2-f48b-45fc-9316-67014f174612,Male
Gregory Black,"07578 Silva Stravenue
Sanchezland, CA 62282",+1-771-666-1927,28be61ad-6b62-47b5-ab02-d5b79f03cfb8,Female
William Dominguez,"83725 Young Groves Suite 126
Donaldfort, PA 94778",(863)349-9266x9723,9cf19e59-5192-4764-b537-e2f39974f06f,Female
Austin Reese,"Unit 8438 Box 1046
DPO AA 77184",607-866-9084,337e0d65-c5bd-482f-b712-15b3cdcee735,Male
Melanie Parker,"681 Castro Village Apt. 802
Bellland, WV 30702",(994)482-3313x3438,f7c0b6be-953b-40d4-877b-ae0b1e8834da,Female
Philip Kim,"911 Nicole Rapid
Clarkemouth, NE 14198",001-647-106-2491x56238,59bbb728-4fed-4ee9-bd83-1be748de327b,Female
Joseph Pineda,"Unit 9594 Box 9638
DPO AE 97576",+1-827-012-4751,2bb3b66a-4671-4cf9-ad7c-979135f683c3,Male
Brittney Chapman,"USNV Abbott
FPO AA 12385",001-743-730-4616x43569,1a9666c2-f48b-45fc-9316-67014f174612,Female
Jessica Palmer,"6784 James Route
Port Ryanside, NV 05507",840.391.4491x699,b72b8df8-4585-437e-a3d4-bfc6a76e54c2,Female
Amy Maynard,"30897 Michael Greens
Davidstad, MA 92775",(399)568-8389,8dec4269-a32c-43bd-a988-58e322d3eace,Male
